
{
  "header": {
    "reportVersion": 1,
    "event": "Allocation failed - JavaScript heap out of memory",
    "trigger": "FatalError",
    "filename": "report.20200813.033638.27480.0.001.json",
    "dumpEventTime": "2020-08-13T03:36:38Z",
    "dumpEventTimeStamp": "1597282598183",
    "processId": 27480,
    "cwd": "C:\\Projects\\PACO IT Consulting\\Codesource\\Laravel\\Laravel_VueJs\\vue_laravel",
    "commandLine": [
      "C:\\Program Files\\nodejs\\node.exe",
      "c:\\Users\\Amilcar\\AppData\\Local\\Programs\\Microsoft VS Code\\resources\\app\\extensions\\ms-vscode.js-debug\\src\\watchdog.bundle.js"
    ],
    "nodejsVersion": "v12.16.1",
    "wordSize": 64,
    "arch": "x64",
    "platform": "win32",
    "componentVersions": {
      "node": "12.16.1",
      "v8": "7.8.279.23-node.31",
      "uv": "1.34.0",
      "zlib": "1.2.11",
      "brotli": "1.0.7",
      "ares": "1.15.0",
      "modules": "72",
      "nghttp2": "1.40.0",
      "napi": "5",
      "llhttp": "2.0.4",
      "http_parser": "2.9.3",
      "openssl": "1.1.1d",
      "cldr": "35.1",
      "icu": "64.2",
      "tz": "2019c",
      "unicode": "12.1"
    },
    "release": {
      "name": "node",
      "lts": "Erbium",
      "headersUrl": "https://nodejs.org/download/release/v12.16.1/node-v12.16.1-headers.tar.gz",
      "sourceUrl": "https://nodejs.org/download/release/v12.16.1/node-v12.16.1.tar.gz",
      "libUrl": "https://nodejs.org/download/release/v12.16.1/win-x64/node.lib"
    },
    "osName": "Windows_NT",
    "osRelease": "10.0.16299",
    "osVersion": "Windows 10 Pro",
    "osMachine": "x86_64",
    "cpus": [
      {
        "model": "Intel(R) Core(TM) i3-4010U CPU @ 1.70GHz",
        "speed": 1696,
        "user": 67873281,
        "nice": 0,
        "sys": 48037765,
        "idle": 501220843,
        "irq": 5834046
      },
      {
        "model": "Intel(R) Core(TM) i3-4010U CPU @ 1.70GHz",
        "speed": 1696,
        "user": 68228765,
        "nice": 0,
        "sys": 36606062,
        "idle": 512296859,
        "irq": 1283765
      },
      {
        "model": "Intel(R) Core(TM) i3-4010U CPU @ 1.70GHz",
        "speed": 1696,
        "user": 75880750,
        "nice": 0,
        "sys": 40000812,
        "idle": 501250109,
        "irq": 460812
      },
      {
        "model": "Intel(R) Core(TM) i3-4010U CPU @ 1.70GHz",
        "speed": 1696,
        "user": 76409093,
        "nice": 0,
        "sys": 35308531,
        "idle": 505414078,
        "irq": 421000
      }
    ],
    "networkInterfaces": [
      {
        "name": "VirtualBox Host-Only Network",
        "internal": false,
        "mac": "0a:00:27:00:00:12",
        "address": "fe80::c9d0:2323:bd59:4fd5",
        "netmask": "ffff:ffff:ffff:ffff::",
        "family": "IPv6",
        "scopeid": 18
      },
      {
        "name": "VirtualBox Host-Only Network",
        "internal": false,
        "mac": "0a:00:27:00:00:12",
        "address": "192.168.56.1",
        "netmask": "255.255.255.0",
        "family": "IPv4"
      },
      {
        "name": "VirtualBox Host-Only Network #2",
        "internal": false,
        "mac": "0a:00:27:00:00:03",
        "address": "fe80::3077:9bca:156e:edab",
        "netmask": "ffff:ffff:ffff:ffff::",
        "family": "IPv6",
        "scopeid": 3
      },
      {
        "name": "VirtualBox Host-Only Network #2",
        "internal": false,
        "mac": "0a:00:27:00:00:03",
        "address": "192.168.66.2",
        "netmask": "255.255.255.0",
        "family": "IPv4"
      },
      {
        "name": "Wi-Fi",
        "internal": false,
        "mac": "20:68:9d:aa:ca:d4",
        "address": "fe80::750f:a760:d9a3:3536",
        "netmask": "ffff:ffff:ffff:ffff::",
        "family": "IPv6",
        "scopeid": 14
      },
      {
        "name": "Wi-Fi",
        "internal": false,
        "mac": "20:68:9d:aa:ca:d4",
        "address": "172.20.10.7",
        "netmask": "255.255.255.240",
        "family": "IPv4"
      },
      {
        "name": "Loopback Pseudo-Interface 1",
        "internal": true,
        "mac": "00:00:00:00:00:00",
        "address": "::1",
        "netmask": "ffff:ffff:ffff:ffff:ffff:ffff:ffff:ffff",
        "family": "IPv6",
        "scopeid": 0
      },
      {
        "name": "Loopback Pseudo-Interface 1",
        "internal": true,
        "mac": "00:00:00:00:00:00",
        "address": "127.0.0.1",
        "netmask": "255.0.0.0",
        "family": "IPv4"
      }
    ],
    "host": "Paco"
  },
  "javascriptStack": {
    "message": "No stack.",
    "stack": [
      "Unavailable."
    ]
  },
  "nativeStack": [
    {
      "pc": "0x00007ff6be2f19f9",
      "symbol": ""
    },
    {
      "pc": "0x00007ff6be2f5e1c",
      "symbol": ""
    },
    {
      "pc": "0x00007ff6be2f4dd8",
      "symbol": ""
    },
    {
      "pc": "0x00007ff6be3f34cb",
      "symbol": ""
    },
    {
      "pc": "0x00007ff6bec09f4e",
      "symbol": ""
    },
    {
      "pc": "0x00007ff6bebf2021",
      "symbol": ""
    },
    {
      "pc": "0x00007ff6beabe57c",
      "symbol": ""
    },
    {
      "pc": "0x00007ff6beac6521",
      "symbol": ""
    },
    {
      "pc": "0x00007ff6beabbb13",
      "symbol": ""
    },
    {
      "pc": "0x00007ff6beaba184",
      "symbol": ""
    },
    {
      "pc": "0x00007ff6beadb36d",
      "symbol": ""
    },
    {
      "pc": "0x00007ff6be840c51",
      "symbol": ""
    },
    {
      "pc": "0x00007ff6bf054ddd",
      "symbol": ""
    },
    {
      "pc": "0x00007ff6bf0015e7",
      "symbol": ""
    },
    {
      "pc": "0x00007ff6befd9d8c",
      "symbol": ""
    },
    {
      "pc": "0x00007ff6befd9d8c",
      "symbol": ""
    },
    {
      "pc": "0x00007ff6befd9d8c",
      "symbol": ""
    },
    {
      "pc": "0x00007ff6befd9d8c",
      "symbol": ""
    },
    {
      "pc": "0x00007ff6befd9d8c",
      "symbol": ""
    },
    {
      "pc": "0x00007ff6befd9d8c",
      "symbol": ""
    },
    {
      "pc": "0x00007ff6befd72c1",
      "symbol": ""
    },
    {
      "pc": "0x00007ff6befd6eac",
      "symbol": ""
    },
    {
      "pc": "0x00007ff6beb17c33",
      "symbol": ""
    },
    {
      "pc": "0x00007ff6beb175b6",
      "symbol": ""
    },
    {
      "pc": "0x00007ff6bebe862d",
      "symbol": ""
    },
    {
      "pc": "0x00007ff6be41a73e",
      "symbol": ""
    },
    {
      "pc": "0x00007ff6be41a977",
      "symbol": ""
    },
    {
      "pc": "0x00007ff6be4198ba",
      "symbol": ""
    },
    {
      "pc": "0x00007ff6be3bac92",
      "symbol": ""
    },
    {
      "pc": "0x00007ff6be41a3d3",
      "symbol": ""
    },
    {
      "pc": "0x00007ff6be2c67ac",
      "symbol": ""
    },
    {
      "pc": "0x00007ff6bf10be08",
      "symbol": ""
    },
    {
      "pc": "0x00007ffd7c2e37e4",
      "symbol": ""
    },
    {
      "pc": "0x00007ffd7eaacb81",
      "symbol": ""
    }
  ],
  "javascriptHeap": {
    "totalMemory": 3203072,
    "totalCommittedMemory": 3203072,
    "usedMemory": 2425448,
    "availableMemory": 2195662288,
    "memoryLimit": 2197815296,
    "heapSpaces": {
      "read_only_space": {
        "memorySize": 262144,
        "committedMemory": 262144,
        "capacity": 32808,
        "used": 32808,
        "available": 0
      },
      "new_space": {
        "memorySize": 1048576,
        "committedMemory": 1048576,
        "capacity": 1047456,
        "used": 1047440,
        "available": 16
      },
      "old_space": {
        "memorySize": 1196032,
        "committedMemory": 1196032,
        "capacity": 957040,
        "used": 954448,
        "available": 2592
      },
      "code_space": {
        "memorySize": 430080,
        "committedMemory": 430080,
        "capacity": 153152,
        "used": 153152,
        "available": 0
      },
      "map_space": {
        "memorySize": 266240,
        "committedMemory": 266240,
        "capacity": 237600,
        "used": 237600,
        "available": 0
      },
      "large_object_space": {
        "memorySize": 0,
        "committedMemory": 0,
        "capacity": 0,
        "used": 0,
        "available": 0
      },
      "code_large_object_space": {
        "memorySize": 0,
        "committedMemory": 0,
        "capacity": 0,
        "used": 0,
        "available": 0
      },
      "new_large_object_space": {
        "memorySize": 0,
        "committedMemory": 0,
        "capacity": 1047456,
        "used": 0,
        "available": 1047456
      }
    }
  },
  "resourceUsage": {
    "userCpuSeconds": 0.218,
    "kernelCpuSeconds": 0.156,
    "cpuConsumptionPercent": 37.4,
    "maxRss": 39239680,
    "pageFaults": {
      "IORequired": 9825,
      "IONotRequired": 0
    },
    "fsActivity": {
      "reads": 0,
      "writes": 99
    }
  },
  "libuv": [
  ],
  "environmentVariables": {
    "HOMEDRIVE": "C:",
    "HOMEPATH": "\\Users\\Amilcar",
    "LOGONSERVER": "\\\\PACO",
    "NODE_INSPECTOR_INFO": "{\"ipcAddress\":\"\\\\\\\\.\\\\pipe\\\\node-cdp.22196-1.sock\",\"pid\":\"30428\",\"telemetry\":{\"cwd\":\"C:\\\\Projects\\\\PACO IT Consulting\\\\Codesource\\\\Laravel\\\\Laravel_VueJs\\\\vue_laravel\",\"processId\":30428,\"nodeVersion\":\"v12.16.1\",\"architecture\":\"x64\"},\"scriptName\":\"C:\\\\Program Files\\\\nodejs\\\\node_modules\\\\npm\\\\bin\\\\npm-cli.js\",\"inspectorURL\":\"ws://127.0.0.1:51289/8073afd7-90e5-4ae5-93bc-4abc4e54c202\",\"waitForDebugger\":true,\"ppid\":\"17392\"}",
    "PATH": "C:\\Users\\Amilcar\\AppData\\Roaming\\npm\\node_modules\\npm\\node_modules\\npm-lifecycle\\node-gyp-bin;C:\\Projects\\PACO IT Consulting\\Codesource\\Laravel\\Laravel_VueJs\\vue_laravel\\node_modules\\.bin;C:\\Program Files (x86)\\Common Files\\Oracle\\Java\\javapath;C:\\app\\Amilcar\\product\\11.2.0\\dbhome_3\\bin;F:\\app\\Amilcar\\product\\11.2.0\\dbhome_1\\bin;F:\\app\\Amilcar\\product\\11.2.0\\dbhome_2\\bin;C:\\ProgramData\\Oracle\\Java\\javapath;c:\\Program Files (x86)\\Intel\\iCLS Client\\;c:\\Program Files\\Intel\\iCLS Client\\;C:\\WINDOWS\\system32;C:\\WINDOWS;C:\\WINDOWS\\System32\\Wbem;C:\\WINDOWS\\System32\\WindowsPowerShell\\v1.0\\;c:\\Program Files (x86)\\Hewlett-Packard\\HP ProtectTools Security Manager\\Bin\\;C:\\Program Files (x86)\\Intel\\OpenCL SDK\\3.0\\bin\\x86;C:\\Program Files (x86)\\Intel\\OpenCL SDK\\3.0\\bin\\x64;C:\\Program Files\\Intel\\Intel(R) Management Engine Components\\DAL;C:\\Program Files\\Intel\\Intel(R) Management Engine Components\\IPT;C:\\Program Files (x86)\\Intel\\Intel(R) Management Engine Components\\DAL;C:\\Program Files (x86)\\Intel\\Intel(R) Management Engine Components\\IPT;C:\\PostgreSQL\\pg10\\bin;C:\\php-7.3.1-nts;C:\\composer;C:\\Program Files\\PowerShell\\6\\;C:\\Program Files\\Git\\cmd;C:\\Gradle\\gradle-6.1.1\\bin;C:\\Program Files\\nodejs\\;C:\\ProgramData\\chocolatey\\bin;C:\\scr\\flutter\\bin;C:\\Users\\Amilcar\\AppData\\Local\\Microsoft\\WindowsApps;C:\\Users\\Amilcar\\AppData\\Roaming\\Composer\\vendor\\bin;C:\\Users\\Amilcar\\AppData\\Roaming\\Dashlane\\6.1944.0.25283\\bin\\Firefox_Extension\\{442718d9-475e-452a-b3e1-fb1ee16b8e9f}\\components;C:\\Users\\Amilcar\\AppData\\Roaming\\Dashlane\\6.1944.0.25283\\ucrt;C:\\Users\\Amilcar\\AppData\\Roaming\\Dashlane\\6.1944.0.25283\\bin\\Qt;C:\\Users\\Amilcar\\AppData\\Roaming\\Dashlane\\6.1944.0.25283\\bin\\Ssl;C:\\Users\\Amilcar\\AppData\\Roaming\\npm;C:\\tools\\dart-sdk\\bin;C:\\Users\\Amilcar\\AppData\\Roaming\\Pub\\Cache\\bin;C:\\Users\\Amilcar\\AppData\\Local\\Programs\\Microsoft VS Code\\bin;C:\\scr\\flutter\\bin;",
    "SYSTEMDRIVE": "C:",
    "SYSTEMROOT": "C:\\WINDOWS",
    "TEMP": "C:\\Users\\Amilcar\\AppData\\Local\\Temp",
    "USERDOMAIN": "PACO",
    "USERNAME": "Amilcar",
    "USERPROFILE": "C:\\Users\\Amilcar",
    "WINDIR": "C:\\WINDOWS"
  },
  "sharedObjects": [
    "C:\\Program Files\\nodejs\\node.exe",
    "C:\\WINDOWS\\SYSTEM32\\ntdll.dll",
    "C:\\WINDOWS\\System32\\KERNEL32.DLL",
    "C:\\WINDOWS\\System32\\KERNELBASE.dll",
    "C:\\WINDOWS\\SYSTEM32\\apphelp.dll",
    "C:\\WINDOWS\\System32\\WS2_32.dll",
    "C:\\WINDOWS\\System32\\RPCRT4.dll",
    "C:\\WINDOWS\\System32\\PSAPI.DLL",
    "C:\\WINDOWS\\System32\\ADVAPI32.dll",
    "C:\\WINDOWS\\System32\\msvcrt.dll",
    "C:\\WINDOWS\\System32\\sechost.dll",
    "C:\\WINDOWS\\System32\\USER32.dll",
    "C:\\WINDOWS\\System32\\win32u.dll",
    "C:\\WINDOWS\\System32\\GDI32.dll",
    "C:\\WINDOWS\\System32\\gdi32full.dll",
    "C:\\WINDOWS\\SYSTEM32\\dbghelp.dll",
    "C:\\WINDOWS\\System32\\msvcp_win.dll",
    "C:\\WINDOWS\\System32\\ucrtbase.dll",
    "C:\\WINDOWS\\System32\\CRYPT32.dll",
    "C:\\WINDOWS\\System32\\MSASN1.dll",
    "C:\\WINDOWS\\SYSTEM32\\IPHLPAPI.DLL",
    "C:\\WINDOWS\\SYSTEM32\\USERENV.dll",
    "C:\\WINDOWS\\System32\\profapi.dll",
    "C:\\WINDOWS\\SYSTEM32\\WINMM.dll",
    "C:\\WINDOWS\\SYSTEM32\\WINMMBASE.dll",
    "C:\\WINDOWS\\System32\\cfgmgr32.dll",
    "C:\\WINDOWS\\SYSTEM32\\bcrypt.dll",
    "C:\\WINDOWS\\System32\\IMM32.DLL",
    "C:\\WINDOWS\\System32\\combase.dll",
    "C:\\WINDOWS\\System32\\bcryptPrimitives.dll",
    "C:\\WINDOWS\\System32\\powrprof.dll",
    "C:\\WINDOWS\\SYSTEM32\\CRYPTBASE.DLL",
    "C:\\WINDOWS\\system32\\uxtheme.dll",
    "C:\\WINDOWS\\system32\\mswsock.dll",
    "C:\\WINDOWS\\System32\\kernel.appcore.dll",
    "C:\\WINDOWS\\System32\\NSI.dll",
    "C:\\WINDOWS\\SYSTEM32\\dhcpcsvc6.DLL",
    "C:\\WINDOWS\\SYSTEM32\\dhcpcsvc.DLL",
    "C:\\WINDOWS\\system32\\napinsp.dll",
    "C:\\WINDOWS\\system32\\pnrpnsp.dll",
    "C:\\WINDOWS\\system32\\NLAapi.dll",
    "C:\\WINDOWS\\SYSTEM32\\DNSAPI.dll",
    "C:\\WINDOWS\\System32\\winrnr.dll",
    "C:\\Program Files\\National Instruments\\Shared\\mDNS Responder\\nimdnsNSP.dll",
    "C:\\WINDOWS\\WinSxS\\amd64_microsoft.vc90.crt_1fc8b3b9a1e18e3b_9.0.30729.9317_none_08e0939fa840d57b\\MSVCR90.dll",
    "C:\\WINDOWS\\SYSTEM32\\nimdnsResponder.dll",
    "C:\\WINDOWS\\System32\\wshbth.dll",
    "C:\\Program Files\\Bonjour\\mdnsNSP.dll"
  ]
}